{"mrae_val_loss": 0.5824571251869202, "_timestamp": 1717014996.0375853, "_runtime": 50.94559025764465, "_step": 6, "rmse_val_loss": 0.10686170309782028, "psnr_val_loss": 22.408964157104492, "mrae_loss": 0.5824571251869202, "rmse_loss": 0.10686170309782028, "psnr_loss": 22.408964157104492, "best_val_loss": 0.5824571251869202, "_wandb": {"runtime": 60}}