{"mrae_val_loss": 0.5323650240898132, "_timestamp": 1717014746.7928934, "_runtime": 76.30872249603271, "_step": 26, "rmse_val_loss": 0.08248493820428848, "psnr_val_loss": 24.135427474975586, "mrae_loss": 0.5323650240898132, "rmse_loss": 0.08248493820428848, "psnr_loss": 24.135427474975586, "best_val_loss": 0.5323650240898132, "_wandb": {"runtime": 89}}