{"mrae_val_loss": 0.9209470152854919, "_timestamp": 1717015175.5980196, "_runtime": 44.15763759613037, "_step": 6, "rmse_val_loss": 0.08160167932510376, "psnr_val_loss": 23.53351402282715, "mrae_loss": 0.9209470152854919, "rmse_loss": 0.08160167932510376, "psnr_loss": 23.53351402282715, "best_val_loss": 0.9209470152854919, "_wandb": {"runtime": 54}}