{"mrae_val_loss": 0.5057291388511658, "_timestamp": 1717015734.3088925, "_runtime": 124.5146415233612, "_step": 43, "rmse_val_loss": 0.07215271890163422, "psnr_val_loss": 24.765445709228516, "mrae_loss": 0.5057291388511658, "rmse_loss": 0.07215271890163422, "psnr_loss": 24.765445709228516, "best_val_loss": 0.5057291388511658, "_wandb": {"runtime": 136}}